<?xml version="1.0" encoding="UTF-8"?>
<preferences>
 <debug showDebugMenu="0" />
 <systemtable>
  <columns>
   <opcodeName visible="0" />
   <connections preferredWidth="47" />
   <irq preferredWidth="34" />
   <export visible="0" />
   <name preferredWidth="186" />
  </columns>
 </systemtable>
 <clocktable>
  <columns>
   <clockname preferredWidth="486" />
   <clocksource preferredWidth="485" />
   <frequency preferredWidth="467" />
  </columns>
 </clocktable>
 <window width="1928" height="1060" x="-4" y="-4" />
 <library
   expandedCategories="Library/Peripherals/FPGA Peripherals,Library/Peripherals/Display,Project,Library/Peripherals/Microcontroller Peripherals,Library/Peripherals,Library,Library/Peripherals/Debug and Performance" />
</preferences>
