<?xml version="1.0" encoding="UTF-8"?>
<ProgramExecution>
 <SOPCSystem>
  <CompileID>0</CompileID>
  <DeviceFamily>CYCLONEII</DeviceFamily>
  <HDLLanguage>VERILOG</HDLLanguage>
  <SOPCModule>
   <C>1</C>
   <ModuleType>non_altera_module</ModuleType>
   <SOPCInterface>
    <C>2</C>
    <InterfaceType>clock_end</InterfaceType>
    <SOPCInterfaceParameter>
     <C>3</C>
     <Name>clockRate</Name>
     <Value>50000000</Value>
    </SOPCInterfaceParameter>
    <SOPCInterfaceParameter>
     <C>4</C>
     <Name>externallyDriven</Name>
     <Value>false</Value>
    </SOPCInterfaceParameter>
    <SOPCInterfaceParameter>
     <C>5</C>
     <Name>ptfSchematicName</Name>
     <Value></Value>
    </SOPCInterfaceParameter>
    <SOPCPort>
     <C>6</C>
     <Direction>Input</Direction>
     <Role>clk</Role>
     <Width>1</Width>
    </SOPCPort>
   </SOPCInterface>
   <SOPCInterface>
    <C>7</C>
    <InterfaceType>reset_end</InterfaceType>
    <SOPCInterfaceParameter>
     <C>8</C>
     <Name>associatedClock</Name>
     <Value></Value>
    </SOPCInterfaceParameter>
    <SOPCInterfaceParameter>
     <C>9</C>
     <Name>synchronousEdges</Name>
     <Value>NONE</Value>
    </SOPCInterfaceParameter>
    <SOPCPort>
     <C>10</C>
     <Direction>Input</Direction>
     <Role>reset_n</Role>
     <Width>1</Width>
    </SOPCPort>
   </SOPCInterface>
   <SOPCInterface>
    <C>11</C>
    <InterfaceType>clock_start</InterfaceType>
    <SOPCInterfaceParameter>
     <C>12</C>
     <Name>associatedDirectClock</Name>
     <Value>clk_in</Value>
    </SOPCInterfaceParameter>
    <SOPCInterfaceParameter>
     <C>13</C>
     <Name>clockRate</Name>
     <Value>50000000</Value>
    </SOPCInterfaceParameter>
    <SOPCInterfaceParameter>
     <C>14</C>
     <Name>clockRateKnown</Name>
     <Value>true</Value>
    </SOPCInterfaceParameter>
    <SOPCInterfaceParameter>
     <C>15</C>
     <Name>externallyDriven</Name>
     <Value>true</Value>
    </SOPCInterfaceParameter>
    <SOPCInterfaceParameter>
     <C>16</C>
     <Name>ptfSchematicName</Name>
     <Value></Value>
    </SOPCInterfaceParameter>
    <SOPCPort>
     <C>17</C>
     <Direction>Output</Direction>
     <Role>clk</Role>
     <Width>1</Width>
    </SOPCPort>
   </SOPCInterface>
   <SOPCInterface>
    <C>18</C>
    <InterfaceType>reset_start</InterfaceType>
    <SOPCInterfaceParameter>
     <C>19</C>
     <Name>associatedClock</Name>
     <Value></Value>
    </SOPCInterfaceParameter>
    <SOPCInterfaceParameter>
     <C>20</C>
     <Name>associatedDirectReset</Name>
     <Value>clk_in_reset</Value>
    </SOPCInterfaceParameter>
    <SOPCInterfaceParameter>
     <C>21</C>
     <Name>associatedResetSinks</Name>
     <Value>clk_in_reset</Value>
    </SOPCInterfaceParameter>
    <SOPCInterfaceParameter>
     <C>22</C>
     <Name>synchronousEdges</Name>
     <Value>NONE</Value>
    </SOPCInterfaceParameter>
    <SOPCPort>
     <C>23</C>
     <Direction>Output</Direction>
     <Role>reset_n</Role>
     <Width>1</Width>
    </SOPCPort>
   </SOPCInterface>
  </SOPCModule>
  <SOPCModule>
   <C>24</C>
   <ModuleType>altera_nios2</ModuleType>
   <SOPCModuleParameter>
    <C>25</C>
    <Name>userDefinedSettings</Name>
    <Value></Value>
   </SOPCModuleParameter>
   <SOPCModuleParameter>
    <C>26</C>
    <Name>tightlyCoupledInstructionMaster3MapParam</Name>
    <Value></Value>
   </SOPCModuleParameter>
   <SOPCModuleParameter>
    <C>27</C>
    <Name>tightlyCoupledInstructionMaster3AddrWidth</Name>
    <Value>1</Value>
   </SOPCModuleParameter>
   <SOPCModuleParameter>
    <C>28</C>
    <Name>tightlyCoupledInstructionMaster2MapParam</Name>
    <Value></Value>
   </SOPCModuleParameter>
   <SOPCModuleParameter>
    <C>29</C>
    <Name>tightlyCoupledInstructionMaster2AddrWidth</Name>
    <Value>1</Value>
   </SOPCModuleParameter>
   <SOPCModuleParameter>
    <C>30</C>
    <Name>tightlyCoupledInstructionMaster1MapParam</Name>
    <Value></Value>
   </SOPCModuleParameter>
   <SOPCModuleParameter>
    <C>31</C>
    <Name>tightlyCoupledInstructionMaster1AddrWidth</Name>
    <Value>1</Value>
   </SOPCModuleParameter>
   <SOPCModuleParameter>
    <C>32</C>
    <Name>tightlyCoupledInstructionMaster0MapParam</Name>
    <Value></Value>
   </SOPCModuleParameter>
   <SOPCModuleParameter>
    <C>33</C>
    <Name>tightlyCoupledInstructionMaster0AddrWidth</Name>
    <Value>1</Value>
   </SOPCModuleParameter>
   <SOPCModuleParameter>
    <C>34</C>
    <Name>tightlyCoupledDataMaster3MapParam</Name>
    <Value></Value>
   </SOPCModuleParameter>
   <SOPCModuleParameter>
    <C>35</C>
    <Name>tightlyCoupledDataMaster3AddrWidth</Name>
    <Value>1</Value>
   </SOPCModuleParameter>
   <SOPCModuleParameter>
    <C>36</C>
    <Name>tightlyCoupledDataMaster2MapParam</Name>
    <Value></Value>
   </SOPCModuleParameter>
   <SOPCModuleParameter>
    <C>37</C>
    <Name>tightlyCoupledDataMaster2AddrWidth</Name>
    <Value>1</Value>
   </SOPCModuleParameter>
   <SOPCModuleParameter>
    <C>38</C>
    <Name>tightlyCoupledDataMaster1MapParam</Name>
    <Value></Value>
   </SOPCModuleParameter>
   <SOPCModuleParameter>
    <C>39</C>
    <Name>tightlyCoupledDataMaster1AddrWidth</Name>
    <Value>1</Value>
   </SOPCModuleParameter>
   <SOPCModuleParameter>
    <C>40</C>
    <Name>tightlyCoupledDataMaster0MapParam</Name>
    <Value></Value>
   </SOPCModuleParameter>
   <SOPCModuleParameter>
    <C>41</C>
    <Name>tightlyCoupledDataMaster0AddrWidth</Name>
    <Value>1</Value>
   </SOPCModuleParameter>
   <SOPCModuleParameter>
    <C>42</C>
    <Name>setting_showUnpublishedSettings</Name>
    <Value>false</Value>
   </SOPCModuleParameter>
   <SOPCModuleParameter>
    <C>43</C>
    <Name>setting_showInternalSettings</Name>
    <Value>false</Value>
   </SOPCModuleParameter>
   <SOPCModuleParameter>
    <C>44</C>
    <Name>setting_shadowRegisterSets</Name>
    <Value>0</Value>
   </SOPCModuleParameter>
   <SOPCModuleParameter>
    <C>45</C>
    <Name>setting_preciseSlaveAccessErrorException</Name>
    <Value>false</Value>
   </SOPCModuleParameter>
   <SOPCModuleParameter>
    <C>46</C>
    <Name>setting_preciseIllegalMemAccessException</Name>
    <Value>false</Value>
   </SOPCModuleParameter>
   <SOPCModuleParameter>
    <C>47</C>
    <Name>setting_preciseDivisionErrorException</Name>
    <Value>false</Value>
   </SOPCModuleParameter>
   <SOPCModuleParameter>
    <C>48</C>
    <Name>setting_performanceCounter</Name>
    <Value>false</Value>
   </SOPCModuleParameter>
   <SOPCModuleParameter>
    <C>49</C>
    <Name>setting_perfCounterWidth</Name>
    <Value>_32</Value>
   </SOPCModuleParameter>
   <SOPCModuleParameter>
    <C>50</C>
    <Name>setting_interruptControllerType</Name>
    <Value>Internal</Value>
   </SOPCModuleParameter>
   <SOPCModuleParameter>
    <C>51</C>
    <Name>setting_illegalMemAccessDetection</Name>
    <Value>false</Value>
   </SOPCModuleParameter>
   <SOPCModuleParameter>
    <C>52</C>
    <Name>setting_illegalInstructionsTrap</Name>
    <Value>false</Value>
   </SOPCModuleParameter>
   <SOPCModuleParameter>
    <C>53</C>
    <Name>setting_fullWaveformSignals</Name>
    <Value>false</Value>
   </SOPCModuleParameter>
   <SOPCModuleParameter>
    <C>54</C>
    <Name>setting_extraExceptionInfo</Name>
    <Value>false</Value>
   </SOPCModuleParameter>
   <SOPCModuleParameter>
    <C>55</C>
    <Name>setting_exportPCB</Name>
    <Value>false</Value>
   </SOPCModuleParameter>
   <SOPCModuleParameter>
    <C>56</C>
    <Name>setting_debugSimGen</Name>
    <Value>false</Value>
   </SOPCModuleParameter>
   <SOPCModuleParameter>
    <C>57</C>
    <Name>setting_clearXBitsLDNonBypass</Name>
    <Value>true</Value>
   </SOPCModuleParameter>
   <SOPCModuleParameter>
    <C>58</C>
    <Name>setting_branchPredictionType</Name>
    <Value>Automatic</Value>
   </SOPCModuleParameter>
   <SOPCModuleParameter>
    <C>59</C>
    <Name>setting_bit31BypassDCache</Name>
    <Value>true</Value>
   </SOPCModuleParameter>
   <SOPCModuleParameter>
    <C>60</C>
    <Name>setting_bigEndian</Name>
    <Value>false</Value>
   </SOPCModuleParameter>
   <SOPCModuleParameter>
    <C>61</C>
    <Name>setting_bhtPtrSz</Name>
    <Value>_8</Value>
   </SOPCModuleParameter>
   <SOPCModuleParameter>
    <C>62</C>
    <Name>setting_bhtIndexPcOnly</Name>
    <Value>false</Value>
   </SOPCModuleParameter>
   <SOPCModuleParameter>
    <C>63</C>
    <Name>setting_avalonDebugPortPresent</Name>
    <Value>false</Value>
   </SOPCModuleParameter>
   <SOPCModuleParameter>
    <C>64</C>
    <Name>setting_alwaysEncrypt</Name>
    <Value>true</Value>
   </SOPCModuleParameter>
   <SOPCModuleParameter>
    <C>65</C>
    <Name>setting_allowFullAddressRange</Name>
    <Value>false</Value>
   </SOPCModuleParameter>
   <SOPCModuleParameter>
    <C>66</C>
    <Name>setting_activateTrace</Name>
    <Value>true</Value>
   </SOPCModuleParameter>
   <SOPCModuleParameter>
    <C>67</C>
    <Name>setting_activateTestEndChecker</Name>
    <Value>false</Value>
   </SOPCModuleParameter>
   <SOPCModuleParameter>
    <C>68</C>
    <Name>setting_activateMonitors</Name>
    <Value>true</Value>
   </SOPCModuleParameter>
   <SOPCModuleParameter>
    <C>69</C>
    <Name>setting_activateModelChecker</Name>
    <Value>false</Value>
   </SOPCModuleParameter>
   <SOPCModuleParameter>
    <C>70</C>
    <Name>setting_HDLSimCachesCleared</Name>
    <Value>true</Value>
   </SOPCModuleParameter>
   <SOPCModuleParameter>
    <C>71</C>
    <Name>setting_HBreakTest</Name>
    <Value>false</Value>
   </SOPCModuleParameter>
   <SOPCModuleParameter>
    <C>72</C>
    <Name>resetSlave</Name>
    <Value>sdram_0.s1</Value>
   </SOPCModuleParameter>
   <SOPCModuleParameter>
    <C>73</C>
    <Name>resetOffset</Name>
    <Value>0</Value>
   </SOPCModuleParameter>
   <SOPCModuleParameter>
    <C>74</C>
    <Name>muldiv_multiplierType</Name>
    <Value>NoneSmall</Value>
   </SOPCModuleParameter>
   <SOPCModuleParameter>
    <C>75</C>
    <Name>muldiv_divider</Name>
    <Value>false</Value>
   </SOPCModuleParameter>
   <SOPCModuleParameter>
    <C>76</C>
    <Name>mpu_useLimit</Name>
    <Value>false</Value>
   </SOPCModuleParameter>
   <SOPCModuleParameter>
    <C>77</C>
    <Name>mpu_numOfInstRegion</Name>
    <Value>8</Value>
   </SOPCModuleParameter>
   <SOPCModuleParameter>
    <C>78</C>
    <Name>mpu_numOfDataRegion</Name>
    <Value>8</Value>
   </SOPCModuleParameter>
   <SOPCModuleParameter>
    <C>79</C>
    <Name>mpu_minInstRegionSize</Name>
    <Value>_12</Value>
   </SOPCModuleParameter>
   <SOPCModuleParameter>
    <C>80</C>
    <Name>mpu_minDataRegionSize</Name>
    <Value>_12</Value>
   </SOPCModuleParameter>
   <SOPCModuleParameter>
    <C>81</C>
    <Name>mpu_enabled</Name>
    <Value>false</Value>
   </SOPCModuleParameter>
   <SOPCModuleParameter>
    <C>82</C>
    <Name>mmu_uitlbNumEntries</Name>
    <Value>_4</Value>
   </SOPCModuleParameter>
   <SOPCModuleParameter>
    <C>83</C>
    <Name>mmu_udtlbNumEntries</Name>
    <Value>_6</Value>
   </SOPCModuleParameter>
   <SOPCModuleParameter>
    <C>84</C>
    <Name>mmu_tlbPtrSz</Name>
    <Value>_7</Value>
   </SOPCModuleParameter>
   <SOPCModuleParameter>
    <C>85</C>
    <Name>mmu_tlbNumWays</Name>
    <Value>_16</Value>
   </SOPCModuleParameter>
   <SOPCModuleParameter>
    <C>86</C>
    <Name>mmu_processIDNumBits</Name>
    <Value>_8</Value>
   </SOPCModuleParameter>
   <SOPCModuleParameter>
    <C>87</C>
    <Name>mmu_enabled</Name>
    <Value>false</Value>
   </SOPCModuleParameter>
   <SOPCModuleParameter>
    <C>88</C>
    <Name>mmu_autoAssignTlbPtrSz</Name>
    <Value>true</Value>
   </SOPCModuleParameter>
   <SOPCModuleParameter>
    <C>89</C>
    <Name>mmu_TLBMissExcSlave</Name>
    <Value></Value>
   </SOPCModuleParameter>
   <SOPCModuleParameter>
    <C>90</C>
    <Name>mmu_TLBMissExcOffset</Name>
    <Value>0</Value>
   </SOPCModuleParameter>
   <SOPCModuleParameter>
    <C>91</C>
    <Name>manuallyAssignCpuID</Name>
    <Value>false</Value>
   </SOPCModuleParameter>
   <SOPCModuleParameter>
    <C>92</C>
    <Name>internalIrqMaskSystemInfo</Name>
    <Value>31</Value>
   </SOPCModuleParameter>
   <SOPCModuleParameter>
    <C>93</C>
    <Name>instSlaveMapParam</Name>
    <Value><![CDATA[<address-map><slave name='sdram_0.s1' start='0x800000' end='0x1000000' /><slave name='cpu_0.jtag_debug_module' start='0x1000800' end='0x1001000' /></address-map>]]></Value>
   </SOPCModuleParameter>
   <SOPCModuleParameter>
    <C>94</C>
    <Name>instAddrWidth</Name>
    <Value>25</Value>
   </SOPCModuleParameter>
   <SOPCModuleParameter>
    <C>95</C>
    <Name>impl</Name>
    <Value>Small</Value>
   </SOPCModuleParameter>
   <SOPCModuleParameter>
    <C>96</C>
    <Name>icache_size</Name>
    <Value>_4096</Value>
   </SOPCModuleParameter>
   <SOPCModuleParameter>
    <C>97</C>
    <Name>icache_ramBlockType</Name>
    <Value>Automatic</Value>
   </SOPCModuleParameter>
   <SOPCModuleParameter>
    <C>98</C>
    <Name>icache_numTCIM</Name>
    <Value>_0</Value>
   </SOPCModuleParameter>
   <SOPCModuleParameter>
    <C>99</C>
    <Name>icache_burstType</Name>
    <Value>None</Value>
   </SOPCModuleParameter>
   <SOPCModuleParameter>
    <C>100</C>
    <Name>exceptionSlave</Name>
    <Value>sdram_0.s1</Value>
   </SOPCModuleParameter>
   <SOPCModuleParameter>
    <C>101</C>
    <Name>exceptionOffset</Name>
    <Value>32</Value>
   </SOPCModuleParameter>
   <SOPCModuleParameter>
    <C>102</C>
    <Name>deviceFeaturesSystemInfo</Name>
    <Value>M512_MEMORY 0 M4K_MEMORY 1 M9K_MEMORY 0 M20K_MEMORY 0 M144K_MEMORY 0 MRAM_MEMORY 0 MLAB_MEMORY 0 ESB 0 EPCS 1 DSP 0 EMUL 1 HARDCOPY 0 LVDS_IO 0 ADDRESS_STALL 1 TRANSCEIVER_3G_BLOCK 0 TRANSCEIVER_6G_BLOCK 0 DSP_SHIFTER_BLOCK 0</Value>
   </SOPCModuleParameter>
   <SOPCModuleParameter>
    <C>103</C>
    <Name>deviceFamilyName</Name>
    <Value>Cyclone II</Value>
   </SOPCModuleParameter>
   <SOPCModuleParameter>
    <C>104</C>
    <Name>debug_triggerArming</Name>
    <Value>true</Value>
   </SOPCModuleParameter>
   <SOPCModuleParameter>
    <C>105</C>
    <Name>debug_level</Name>
    <Value>Level1</Value>
   </SOPCModuleParameter>
   <SOPCModuleParameter>
    <C>106</C>
    <Name>debug_jtagInstanceID</Name>
    <Value>0</Value>
   </SOPCModuleParameter>
   <SOPCModuleParameter>
    <C>107</C>
    <Name>debug_embeddedPLL</Name>
    <Value>true</Value>
   </SOPCModuleParameter>
   <SOPCModuleParameter>
    <C>108</C>
    <Name>debug_debugReqSignals</Name>
    <Value>false</Value>
   </SOPCModuleParameter>
   <SOPCModuleParameter>
    <C>109</C>
    <Name>debug_assignJtagInstanceID</Name>
    <Value>false</Value>
   </SOPCModuleParameter>
   <SOPCModuleParameter>
    <C>110</C>
    <Name>debug_OCIOnchipTrace</Name>
    <Value>_128</Value>
   </SOPCModuleParameter>
   <SOPCModuleParameter>
    <C>111</C>
    <Name>dcache_size</Name>
    <Value>_2048</Value>
   </SOPCModuleParameter>
   <SOPCModuleParameter>
    <C>112</C>
    <Name>dcache_ramBlockType</Name>
    <Value>Automatic</Value>
   </SOPCModuleParameter>
   <SOPCModuleParameter>
    <C>113</C>
    <Name>dcache_omitDataMaster</Name>
    <Value>false</Value>
   </SOPCModuleParameter>
   <SOPCModuleParameter>
    <C>114</C>
    <Name>dcache_numTCDM</Name>
    <Value>_0</Value>
   </SOPCModuleParameter>
   <SOPCModuleParameter>
    <C>115</C>
    <Name>dcache_lineSize</Name>
    <Value>_32</Value>
   </SOPCModuleParameter>
   <SOPCModuleParameter>
    <C>116</C>
    <Name>dcache_bursts</Name>
    <Value>false</Value>
   </SOPCModuleParameter>
   <SOPCModuleParameter>
    <C>117</C>
    <Name>dataSlaveMapParam</Name>
    <Value><![CDATA[<address-map><slave name='sdram_0.s1' start='0x800000' end='0x1000000' /><slave name='cpu_0.jtag_debug_module' start='0x1000800' end='0x1001000' /><slave name='timer_0.s1' start='0x1001000' end='0x1001020' /><slave name='timer_1.s1' start='0x1001020' end='0x1001040' /><slave name='lcd_display.control_slave' start='0x1001040' end='0x1001050' /><slave name='led_pio.s1' start='0x1001050' end='0x1001060' /><slave name='button_pio.s1' start='0x1001060' end='0x1001070' /><slave name='green_led_pio.s1' start='0x1001070' end='0x1001080' /><slave name='red_led_pio.s1' start='0x1001080' end='0x1001090' /><slave name='seven_seg_middle_pio.s1' start='0x1001090' end='0x10010A0' /><slave name='seven_seg_right_pio.s1' start='0x10010A0' end='0x10010B0' /><slave name='switch_pio.s1' start='0x10010B0' end='0x10010C0' /><slave name='pio_pulse.s1' start='0x10010C0' end='0x10010D0' /><slave name='pio_latency.s1' start='0x10010D0' end='0x10010E0' /><slave name='pio_missed.s1' start='0x10010E0' end='0x10010F0' /><slave name='pio_dutycycle.s1' start='0x10010F0' end='0x1001100' /><slave name='pio_period.s1' start='0x1001100' end='0x1001110' /><slave name='pio_response.s1' start='0x1001110' end='0x1001120' /><slave name='pio_egmenable.s1' start='0x1001120' end='0x1001130' /><slave name='pio_egmreset.s1' start='0x1001130' end='0x1001140' /><slave name='sysid.control_slave' start='0x1001140' end='0x1001148' /><slave name='jtag_uart_0.avalon_jtag_slave' start='0x1001148' end='0x1001150' /></address-map>]]></Value>
   </SOPCModuleParameter>
   <SOPCModuleParameter>
    <C>118</C>
    <Name>dataAddrWidth</Name>
    <Value>25</Value>
   </SOPCModuleParameter>
   <SOPCModuleParameter>
    <C>119</C>
    <Name>customInstSlavesSystemInfo</Name>
    <Value><![CDATA[<info/>]]></Value>
   </SOPCModuleParameter>
   <SOPCModuleParameter>
    <C>120</C>
    <Name>cpuReset</Name>
    <Value>false</Value>
   </SOPCModuleParameter>
   <SOPCModuleParameter>
    <C>121</C>
    <Name>cpuID</Name>
    <Value>0</Value>
   </SOPCModuleParameter>
   <SOPCModuleParameter>
    <C>122</C>
    <Name>clockFrequency</Name>
    <Value>50000000</Value>
   </SOPCModuleParameter>
   <SOPCModuleParameter>
    <C>123</C>
    <Name>breakSlave</Name>
    <Value>cpu_0.jtag_debug_module</Value>
   </SOPCModuleParameter>
   <SOPCModuleParameter>
    <C>124</C>
    <Name>breakOffset</Name>
    <Value>32</Value>
   </SOPCModuleParameter>
  </SOPCModule>
  <SOPCModule>
   <C>125</C>
   <ModuleType>altera_avalon_sysid</ModuleType>
   <SOPCModuleParameter>
    <C>126</C>
    <Name>id</Name>
    <Value>0</Value>
   </SOPCModuleParameter>
   <SOPCModuleParameter>
    <C>127</C>
    <Name>timestamp</Name>
    <Value>1379612281</Value>
   </SOPCModuleParameter>
  </SOPCModule>
  <SOPCModule>
   <C>128</C>
   <ModuleType>altera_avalon_jtag_uart</ModuleType>
   <SOPCModuleParameter>
    <C>129</C>
    <Name>allowMultipleConnections</Name>
    <Value>false</Value>
   </SOPCModuleParameter>
   <SOPCModuleParameter>
    <C>130</C>
    <Name>hubInstanceID</Name>
    <Value>0</Value>
   </SOPCModuleParameter>
   <SOPCModuleParameter>
    <C>131</C>
    <Name>readBufferDepth</Name>
    <Value>64</Value>
   </SOPCModuleParameter>
   <SOPCModuleParameter>
    <C>132</C>
    <Name>readIRQThreshold</Name>
    <Value>8</Value>
   </SOPCModuleParameter>
   <SOPCModuleParameter>
    <C>133</C>
    <Name>simInputCharacterStream</Name>
    <Value></Value>
   </SOPCModuleParameter>
   <SOPCModuleParameter>
    <C>134</C>
    <Name>simInteractiveOptions</Name>
    <Value>INTERACTIVE_ASCII_OUTPUT</Value>
   </SOPCModuleParameter>
   <SOPCModuleParameter>
    <C>135</C>
    <Name>useRegistersForReadBuffer</Name>
    <Value>false</Value>
   </SOPCModuleParameter>
   <SOPCModuleParameter>
    <C>136</C>
    <Name>useRegistersForWriteBuffer</Name>
    <Value>false</Value>
   </SOPCModuleParameter>
   <SOPCModuleParameter>
    <C>137</C>
    <Name>useRelativePathForSimFile</Name>
    <Value>false</Value>
   </SOPCModuleParameter>
   <SOPCModuleParameter>
    <C>138</C>
    <Name>writeBufferDepth</Name>
    <Value>64</Value>
   </SOPCModuleParameter>
   <SOPCModuleParameter>
    <C>139</C>
    <Name>writeIRQThreshold</Name>
    <Value>8</Value>
   </SOPCModuleParameter>
  </SOPCModule>
  <SOPCModule>
   <C>140</C>
   <ModuleType>altera_avalon_new_sdram_controller</ModuleType>
   <SOPCModuleParameter>
    <C>141</C>
    <Name>TAC</Name>
    <Value>5.5</Value>
   </SOPCModuleParameter>
   <SOPCModuleParameter>
    <C>142</C>
    <Name>TMRD</Name>
    <Value>3</Value>
   </SOPCModuleParameter>
   <SOPCModuleParameter>
    <C>143</C>
    <Name>TRCD</Name>
    <Value>20.0</Value>
   </SOPCModuleParameter>
   <SOPCModuleParameter>
    <C>144</C>
    <Name>TRFC</Name>
    <Value>70.0</Value>
   </SOPCModuleParameter>
   <SOPCModuleParameter>
    <C>145</C>
    <Name>TRP</Name>
    <Value>20.0</Value>
   </SOPCModuleParameter>
   <SOPCModuleParameter>
    <C>146</C>
    <Name>TWR</Name>
    <Value>14.0</Value>
   </SOPCModuleParameter>
   <SOPCModuleParameter>
    <C>147</C>
    <Name>casLatency</Name>
    <Value>3</Value>
   </SOPCModuleParameter>
   <SOPCModuleParameter>
    <C>148</C>
    <Name>clockRate</Name>
    <Value>50000000</Value>
   </SOPCModuleParameter>
   <SOPCModuleParameter>
    <C>149</C>
    <Name>columnWidth</Name>
    <Value>8</Value>
   </SOPCModuleParameter>
   <SOPCModuleParameter>
    <C>150</C>
    <Name>dataWidth</Name>
    <Value>16</Value>
   </SOPCModuleParameter>
   <SOPCModuleParameter>
    <C>151</C>
    <Name>generateSimulationModel</Name>
    <Value>false</Value>
   </SOPCModuleParameter>
   <SOPCModuleParameter>
    <C>152</C>
    <Name>initNOPDelay</Name>
    <Value>0.0</Value>
   </SOPCModuleParameter>
   <SOPCModuleParameter>
    <C>153</C>
    <Name>initRefreshCommands</Name>
    <Value>2</Value>
   </SOPCModuleParameter>
   <SOPCModuleParameter>
    <C>154</C>
    <Name>masteredTristateBridgeSlave</Name>
    <Value></Value>
   </SOPCModuleParameter>
   <SOPCModuleParameter>
    <C>155</C>
    <Name>model</Name>
    <Value>custom</Value>
   </SOPCModuleParameter>
   <SOPCModuleParameter>
    <C>156</C>
    <Name>numberOfBanks</Name>
    <Value>4</Value>
   </SOPCModuleParameter>
   <SOPCModuleParameter>
    <C>157</C>
    <Name>numberOfChipSelects</Name>
    <Value>1</Value>
   </SOPCModuleParameter>
   <SOPCModuleParameter>
    <C>158</C>
    <Name>pinsSharedViaTriState</Name>
    <Value>false</Value>
   </SOPCModuleParameter>
   <SOPCModuleParameter>
    <C>159</C>
    <Name>powerUpDelay</Name>
    <Value>100.0</Value>
   </SOPCModuleParameter>
   <SOPCModuleParameter>
    <C>160</C>
    <Name>refreshPeriod</Name>
    <Value>15.625</Value>
   </SOPCModuleParameter>
   <SOPCModuleParameter>
    <C>161</C>
    <Name>registerDataIn</Name>
    <Value>true</Value>
   </SOPCModuleParameter>
   <SOPCModuleParameter>
    <C>162</C>
    <Name>rowWidth</Name>
    <Value>12</Value>
   </SOPCModuleParameter>
   <SOPCModuleParameter>
    <C>163</C>
    <Name>size</Name>
    <Value>8388608</Value>
   </SOPCModuleParameter>
  </SOPCModule>
  <SOPCModule>
   <C>164</C>
   <ModuleType>altera_avalon_lcd_16207</ModuleType>
  </SOPCModule>
  <SOPCModule>
   <C>165</C>
   <ModuleType>altera_avalon_pio</ModuleType>
   <SOPCModuleParameter>
    <C>166</C>
    <Name>bitClearingEdgeCapReg</Name>
    <Value>false</Value>
   </SOPCModuleParameter>
   <SOPCModuleParameter>
    <C>167</C>
    <Name>bitModifyingOutReg</Name>
    <Value>false</Value>
   </SOPCModuleParameter>
   <SOPCModuleParameter>
    <C>168</C>
    <Name>captureEdge</Name>
    <Value>false</Value>
   </SOPCModuleParameter>
   <SOPCModuleParameter>
    <C>169</C>
    <Name>clockRate</Name>
    <Value>50000000</Value>
   </SOPCModuleParameter>
   <SOPCModuleParameter>
    <C>170</C>
    <Name>direction</Name>
    <Value>Output</Value>
   </SOPCModuleParameter>
   <SOPCModuleParameter>
    <C>171</C>
    <Name>edgeType</Name>
    <Value>RISING</Value>
   </SOPCModuleParameter>
   <SOPCModuleParameter>
    <C>172</C>
    <Name>generateIRQ</Name>
    <Value>false</Value>
   </SOPCModuleParameter>
   <SOPCModuleParameter>
    <C>173</C>
    <Name>irqType</Name>
    <Value>LEVEL</Value>
   </SOPCModuleParameter>
   <SOPCModuleParameter>
    <C>174</C>
    <Name>resetValue</Name>
    <Value>0</Value>
   </SOPCModuleParameter>
   <SOPCModuleParameter>
    <C>175</C>
    <Name>simDoTestBenchWiring</Name>
    <Value>false</Value>
   </SOPCModuleParameter>
   <SOPCModuleParameter>
    <C>176</C>
    <Name>simDrivenValue</Name>
    <Value>0</Value>
   </SOPCModuleParameter>
   <SOPCModuleParameter>
    <C>177</C>
    <Name>width</Name>
    <Value>8</Value>
   </SOPCModuleParameter>
  </SOPCModule>
  <SOPCModule>
   <C>178</C>
   <ModuleType>altera_avalon_pio</ModuleType>
   <SOPCModuleParameter>
    <C>179</C>
    <Name>bitClearingEdgeCapReg</Name>
    <Value>false</Value>
   </SOPCModuleParameter>
   <SOPCModuleParameter>
    <C>180</C>
    <Name>bitModifyingOutReg</Name>
    <Value>false</Value>
   </SOPCModuleParameter>
   <SOPCModuleParameter>
    <C>181</C>
    <Name>captureEdge</Name>
    <Value>true</Value>
   </SOPCModuleParameter>
   <SOPCModuleParameter>
    <C>182</C>
    <Name>clockRate</Name>
    <Value>50000000</Value>
   </SOPCModuleParameter>
   <SOPCModuleParameter>
    <C>183</C>
    <Name>direction</Name>
    <Value>Input</Value>
   </SOPCModuleParameter>
   <SOPCModuleParameter>
    <C>184</C>
    <Name>edgeType</Name>
    <Value>ANY</Value>
   </SOPCModuleParameter>
   <SOPCModuleParameter>
    <C>185</C>
    <Name>generateIRQ</Name>
    <Value>true</Value>
   </SOPCModuleParameter>
   <SOPCModuleParameter>
    <C>186</C>
    <Name>irqType</Name>
    <Value>EDGE</Value>
   </SOPCModuleParameter>
   <SOPCModuleParameter>
    <C>187</C>
    <Name>resetValue</Name>
    <Value>0</Value>
   </SOPCModuleParameter>
   <SOPCModuleParameter>
    <C>188</C>
    <Name>simDoTestBenchWiring</Name>
    <Value>false</Value>
   </SOPCModuleParameter>
   <SOPCModuleParameter>
    <C>189</C>
    <Name>simDrivenValue</Name>
    <Value>0</Value>
   </SOPCModuleParameter>
   <SOPCModuleParameter>
    <C>190</C>
    <Name>width</Name>
    <Value>4</Value>
   </SOPCModuleParameter>
  </SOPCModule>
  <SOPCModule>
   <C>191</C>
   <ModuleType>altera_avalon_timer</ModuleType>
   <SOPCModuleParameter>
    <C>192</C>
    <Name>alwaysRun</Name>
    <Value>false</Value>
   </SOPCModuleParameter>
   <SOPCModuleParameter>
    <C>193</C>
    <Name>counterSize</Name>
    <Value>32</Value>
   </SOPCModuleParameter>
   <SOPCModuleParameter>
    <C>194</C>
    <Name>fixedPeriod</Name>
    <Value>false</Value>
   </SOPCModuleParameter>
   <SOPCModuleParameter>
    <C>195</C>
    <Name>period</Name>
    <Value>1</Value>
   </SOPCModuleParameter>
   <SOPCModuleParameter>
    <C>196</C>
    <Name>periodUnits</Name>
    <Value>MSEC</Value>
   </SOPCModuleParameter>
   <SOPCModuleParameter>
    <C>197</C>
    <Name>resetOutput</Name>
    <Value>false</Value>
   </SOPCModuleParameter>
   <SOPCModuleParameter>
    <C>198</C>
    <Name>snapshot</Name>
    <Value>true</Value>
   </SOPCModuleParameter>
   <SOPCModuleParameter>
    <C>199</C>
    <Name>systemFrequency</Name>
    <Value>50000000</Value>
   </SOPCModuleParameter>
   <SOPCModuleParameter>
    <C>200</C>
    <Name>timeoutPulseOutput</Name>
    <Value>false</Value>
   </SOPCModuleParameter>
   <SOPCModuleParameter>
    <C>201</C>
    <Name>timerPreset</Name>
    <Value>CUSTOM</Value>
   </SOPCModuleParameter>
  </SOPCModule>
  <SOPCModule>
   <C>202</C>
   <ModuleType>altera_avalon_timer</ModuleType>
   <SOPCModuleParameter>
    <C>203</C>
    <Name>alwaysRun</Name>
    <Value>false</Value>
   </SOPCModuleParameter>
   <SOPCModuleParameter>
    <C>204</C>
    <Name>counterSize</Name>
    <Value>32</Value>
   </SOPCModuleParameter>
   <SOPCModuleParameter>
    <C>205</C>
    <Name>fixedPeriod</Name>
    <Value>false</Value>
   </SOPCModuleParameter>
   <SOPCModuleParameter>
    <C>206</C>
    <Name>period</Name>
    <Value>10</Value>
   </SOPCModuleParameter>
   <SOPCModuleParameter>
    <C>207</C>
    <Name>periodUnits</Name>
    <Value>USEC</Value>
   </SOPCModuleParameter>
   <SOPCModuleParameter>
    <C>208</C>
    <Name>resetOutput</Name>
    <Value>false</Value>
   </SOPCModuleParameter>
   <SOPCModuleParameter>
    <C>209</C>
    <Name>snapshot</Name>
    <Value>true</Value>
   </SOPCModuleParameter>
   <SOPCModuleParameter>
    <C>210</C>
    <Name>systemFrequency</Name>
    <Value>50000000</Value>
   </SOPCModuleParameter>
   <SOPCModuleParameter>
    <C>211</C>
    <Name>timeoutPulseOutput</Name>
    <Value>false</Value>
   </SOPCModuleParameter>
   <SOPCModuleParameter>
    <C>212</C>
    <Name>timerPreset</Name>
    <Value>CUSTOM</Value>
   </SOPCModuleParameter>
  </SOPCModule>
  <SOPCModule>
   <C>213</C>
   <ModuleType>altera_avalon_pio</ModuleType>
   <SOPCModuleParameter>
    <C>214</C>
    <Name>bitClearingEdgeCapReg</Name>
    <Value>false</Value>
   </SOPCModuleParameter>
   <SOPCModuleParameter>
    <C>215</C>
    <Name>bitModifyingOutReg</Name>
    <Value>false</Value>
   </SOPCModuleParameter>
   <SOPCModuleParameter>
    <C>216</C>
    <Name>captureEdge</Name>
    <Value>false</Value>
   </SOPCModuleParameter>
   <SOPCModuleParameter>
    <C>217</C>
    <Name>clockRate</Name>
    <Value>50000000</Value>
   </SOPCModuleParameter>
   <SOPCModuleParameter>
    <C>218</C>
    <Name>direction</Name>
    <Value>Output</Value>
   </SOPCModuleParameter>
   <SOPCModuleParameter>
    <C>219</C>
    <Name>edgeType</Name>
    <Value>RISING</Value>
   </SOPCModuleParameter>
   <SOPCModuleParameter>
    <C>220</C>
    <Name>generateIRQ</Name>
    <Value>false</Value>
   </SOPCModuleParameter>
   <SOPCModuleParameter>
    <C>221</C>
    <Name>irqType</Name>
    <Value>LEVEL</Value>
   </SOPCModuleParameter>
   <SOPCModuleParameter>
    <C>222</C>
    <Name>resetValue</Name>
    <Value>0</Value>
   </SOPCModuleParameter>
   <SOPCModuleParameter>
    <C>223</C>
    <Name>simDoTestBenchWiring</Name>
    <Value>false</Value>
   </SOPCModuleParameter>
   <SOPCModuleParameter>
    <C>224</C>
    <Name>simDrivenValue</Name>
    <Value>0</Value>
   </SOPCModuleParameter>
   <SOPCModuleParameter>
    <C>225</C>
    <Name>width</Name>
    <Value>8</Value>
   </SOPCModuleParameter>
  </SOPCModule>
  <SOPCModule>
   <C>226</C>
   <ModuleType>altera_avalon_pio</ModuleType>
   <SOPCModuleParameter>
    <C>227</C>
    <Name>bitClearingEdgeCapReg</Name>
    <Value>false</Value>
   </SOPCModuleParameter>
   <SOPCModuleParameter>
    <C>228</C>
    <Name>bitModifyingOutReg</Name>
    <Value>false</Value>
   </SOPCModuleParameter>
   <SOPCModuleParameter>
    <C>229</C>
    <Name>captureEdge</Name>
    <Value>false</Value>
   </SOPCModuleParameter>
   <SOPCModuleParameter>
    <C>230</C>
    <Name>clockRate</Name>
    <Value>50000000</Value>
   </SOPCModuleParameter>
   <SOPCModuleParameter>
    <C>231</C>
    <Name>direction</Name>
    <Value>Output</Value>
   </SOPCModuleParameter>
   <SOPCModuleParameter>
    <C>232</C>
    <Name>edgeType</Name>
    <Value>RISING</Value>
   </SOPCModuleParameter>
   <SOPCModuleParameter>
    <C>233</C>
    <Name>generateIRQ</Name>
    <Value>false</Value>
   </SOPCModuleParameter>
   <SOPCModuleParameter>
    <C>234</C>
    <Name>irqType</Name>
    <Value>LEVEL</Value>
   </SOPCModuleParameter>
   <SOPCModuleParameter>
    <C>235</C>
    <Name>resetValue</Name>
    <Value>0</Value>
   </SOPCModuleParameter>
   <SOPCModuleParameter>
    <C>236</C>
    <Name>simDoTestBenchWiring</Name>
    <Value>false</Value>
   </SOPCModuleParameter>
   <SOPCModuleParameter>
    <C>237</C>
    <Name>simDrivenValue</Name>
    <Value>0</Value>
   </SOPCModuleParameter>
   <SOPCModuleParameter>
    <C>238</C>
    <Name>width</Name>
    <Value>8</Value>
   </SOPCModuleParameter>
  </SOPCModule>
  <SOPCModule>
   <C>239</C>
   <ModuleType>altera_avalon_pio</ModuleType>
   <SOPCModuleParameter>
    <C>240</C>
    <Name>bitClearingEdgeCapReg</Name>
    <Value>false</Value>
   </SOPCModuleParameter>
   <SOPCModuleParameter>
    <C>241</C>
    <Name>bitModifyingOutReg</Name>
    <Value>false</Value>
   </SOPCModuleParameter>
   <SOPCModuleParameter>
    <C>242</C>
    <Name>captureEdge</Name>
    <Value>false</Value>
   </SOPCModuleParameter>
   <SOPCModuleParameter>
    <C>243</C>
    <Name>clockRate</Name>
    <Value>50000000</Value>
   </SOPCModuleParameter>
   <SOPCModuleParameter>
    <C>244</C>
    <Name>direction</Name>
    <Value>Output</Value>
   </SOPCModuleParameter>
   <SOPCModuleParameter>
    <C>245</C>
    <Name>edgeType</Name>
    <Value>RISING</Value>
   </SOPCModuleParameter>
   <SOPCModuleParameter>
    <C>246</C>
    <Name>generateIRQ</Name>
    <Value>false</Value>
   </SOPCModuleParameter>
   <SOPCModuleParameter>
    <C>247</C>
    <Name>irqType</Name>
    <Value>LEVEL</Value>
   </SOPCModuleParameter>
   <SOPCModuleParameter>
    <C>248</C>
    <Name>resetValue</Name>
    <Value>0</Value>
   </SOPCModuleParameter>
   <SOPCModuleParameter>
    <C>249</C>
    <Name>simDoTestBenchWiring</Name>
    <Value>false</Value>
   </SOPCModuleParameter>
   <SOPCModuleParameter>
    <C>250</C>
    <Name>simDrivenValue</Name>
    <Value>0</Value>
   </SOPCModuleParameter>
   <SOPCModuleParameter>
    <C>251</C>
    <Name>width</Name>
    <Value>16</Value>
   </SOPCModuleParameter>
  </SOPCModule>
  <SOPCModule>
   <C>252</C>
   <ModuleType>altera_avalon_pio</ModuleType>
   <SOPCModuleParameter>
    <C>253</C>
    <Name>bitClearingEdgeCapReg</Name>
    <Value>false</Value>
   </SOPCModuleParameter>
   <SOPCModuleParameter>
    <C>254</C>
    <Name>bitModifyingOutReg</Name>
    <Value>false</Value>
   </SOPCModuleParameter>
   <SOPCModuleParameter>
    <C>255</C>
    <Name>captureEdge</Name>
    <Value>false</Value>
   </SOPCModuleParameter>
   <SOPCModuleParameter>
    <C>256</C>
    <Name>clockRate</Name>
    <Value>50000000</Value>
   </SOPCModuleParameter>
   <SOPCModuleParameter>
    <C>257</C>
    <Name>direction</Name>
    <Value>Output</Value>
   </SOPCModuleParameter>
   <SOPCModuleParameter>
    <C>258</C>
    <Name>edgeType</Name>
    <Value>RISING</Value>
   </SOPCModuleParameter>
   <SOPCModuleParameter>
    <C>259</C>
    <Name>generateIRQ</Name>
    <Value>false</Value>
   </SOPCModuleParameter>
   <SOPCModuleParameter>
    <C>260</C>
    <Name>irqType</Name>
    <Value>LEVEL</Value>
   </SOPCModuleParameter>
   <SOPCModuleParameter>
    <C>261</C>
    <Name>resetValue</Name>
    <Value>0</Value>
   </SOPCModuleParameter>
   <SOPCModuleParameter>
    <C>262</C>
    <Name>simDoTestBenchWiring</Name>
    <Value>false</Value>
   </SOPCModuleParameter>
   <SOPCModuleParameter>
    <C>263</C>
    <Name>simDrivenValue</Name>
    <Value>0</Value>
   </SOPCModuleParameter>
   <SOPCModuleParameter>
    <C>264</C>
    <Name>width</Name>
    <Value>32</Value>
   </SOPCModuleParameter>
  </SOPCModule>
  <SOPCModule>
   <C>265</C>
   <ModuleType>altera_avalon_pio</ModuleType>
   <SOPCModuleParameter>
    <C>266</C>
    <Name>bitClearingEdgeCapReg</Name>
    <Value>false</Value>
   </SOPCModuleParameter>
   <SOPCModuleParameter>
    <C>267</C>
    <Name>bitModifyingOutReg</Name>
    <Value>false</Value>
   </SOPCModuleParameter>
   <SOPCModuleParameter>
    <C>268</C>
    <Name>captureEdge</Name>
    <Value>false</Value>
   </SOPCModuleParameter>
   <SOPCModuleParameter>
    <C>269</C>
    <Name>clockRate</Name>
    <Value>50000000</Value>
   </SOPCModuleParameter>
   <SOPCModuleParameter>
    <C>270</C>
    <Name>direction</Name>
    <Value>InOut</Value>
   </SOPCModuleParameter>
   <SOPCModuleParameter>
    <C>271</C>
    <Name>edgeType</Name>
    <Value>RISING</Value>
   </SOPCModuleParameter>
   <SOPCModuleParameter>
    <C>272</C>
    <Name>generateIRQ</Name>
    <Value>false</Value>
   </SOPCModuleParameter>
   <SOPCModuleParameter>
    <C>273</C>
    <Name>irqType</Name>
    <Value>LEVEL</Value>
   </SOPCModuleParameter>
   <SOPCModuleParameter>
    <C>274</C>
    <Name>resetValue</Name>
    <Value>0</Value>
   </SOPCModuleParameter>
   <SOPCModuleParameter>
    <C>275</C>
    <Name>simDoTestBenchWiring</Name>
    <Value>false</Value>
   </SOPCModuleParameter>
   <SOPCModuleParameter>
    <C>276</C>
    <Name>simDrivenValue</Name>
    <Value>0</Value>
   </SOPCModuleParameter>
   <SOPCModuleParameter>
    <C>277</C>
    <Name>width</Name>
    <Value>16</Value>
   </SOPCModuleParameter>
  </SOPCModule>
  <SOPCModule>
   <C>278</C>
   <ModuleType>altera_avalon_pio</ModuleType>
   <SOPCModuleParameter>
    <C>279</C>
    <Name>bitClearingEdgeCapReg</Name>
    <Value>false</Value>
   </SOPCModuleParameter>
   <SOPCModuleParameter>
    <C>280</C>
    <Name>bitModifyingOutReg</Name>
    <Value>false</Value>
   </SOPCModuleParameter>
   <SOPCModuleParameter>
    <C>281</C>
    <Name>captureEdge</Name>
    <Value>true</Value>
   </SOPCModuleParameter>
   <SOPCModuleParameter>
    <C>282</C>
    <Name>clockRate</Name>
    <Value>50000000</Value>
   </SOPCModuleParameter>
   <SOPCModuleParameter>
    <C>283</C>
    <Name>direction</Name>
    <Value>Input</Value>
   </SOPCModuleParameter>
   <SOPCModuleParameter>
    <C>284</C>
    <Name>edgeType</Name>
    <Value>ANY</Value>
   </SOPCModuleParameter>
   <SOPCModuleParameter>
    <C>285</C>
    <Name>generateIRQ</Name>
    <Value>true</Value>
   </SOPCModuleParameter>
   <SOPCModuleParameter>
    <C>286</C>
    <Name>irqType</Name>
    <Value>EDGE</Value>
   </SOPCModuleParameter>
   <SOPCModuleParameter>
    <C>287</C>
    <Name>resetValue</Name>
    <Value>0</Value>
   </SOPCModuleParameter>
   <SOPCModuleParameter>
    <C>288</C>
    <Name>simDoTestBenchWiring</Name>
    <Value>false</Value>
   </SOPCModuleParameter>
   <SOPCModuleParameter>
    <C>289</C>
    <Name>simDrivenValue</Name>
    <Value>0</Value>
   </SOPCModuleParameter>
   <SOPCModuleParameter>
    <C>290</C>
    <Name>width</Name>
    <Value>1</Value>
   </SOPCModuleParameter>
  </SOPCModule>
  <SOPCModule>
   <C>291</C>
   <ModuleType>altera_avalon_pio</ModuleType>
   <SOPCModuleParameter>
    <C>292</C>
    <Name>bitClearingEdgeCapReg</Name>
    <Value>false</Value>
   </SOPCModuleParameter>
   <SOPCModuleParameter>
    <C>293</C>
    <Name>bitModifyingOutReg</Name>
    <Value>false</Value>
   </SOPCModuleParameter>
   <SOPCModuleParameter>
    <C>294</C>
    <Name>captureEdge</Name>
    <Value>false</Value>
   </SOPCModuleParameter>
   <SOPCModuleParameter>
    <C>295</C>
    <Name>clockRate</Name>
    <Value>50000000</Value>
   </SOPCModuleParameter>
   <SOPCModuleParameter>
    <C>296</C>
    <Name>direction</Name>
    <Value>Input</Value>
   </SOPCModuleParameter>
   <SOPCModuleParameter>
    <C>297</C>
    <Name>edgeType</Name>
    <Value>RISING</Value>
   </SOPCModuleParameter>
   <SOPCModuleParameter>
    <C>298</C>
    <Name>generateIRQ</Name>
    <Value>false</Value>
   </SOPCModuleParameter>
   <SOPCModuleParameter>
    <C>299</C>
    <Name>irqType</Name>
    <Value>LEVEL</Value>
   </SOPCModuleParameter>
   <SOPCModuleParameter>
    <C>300</C>
    <Name>resetValue</Name>
    <Value>0</Value>
   </SOPCModuleParameter>
   <SOPCModuleParameter>
    <C>301</C>
    <Name>simDoTestBenchWiring</Name>
    <Value>false</Value>
   </SOPCModuleParameter>
   <SOPCModuleParameter>
    <C>302</C>
    <Name>simDrivenValue</Name>
    <Value>0</Value>
   </SOPCModuleParameter>
   <SOPCModuleParameter>
    <C>303</C>
    <Name>width</Name>
    <Value>16</Value>
   </SOPCModuleParameter>
  </SOPCModule>
  <SOPCModule>
   <C>304</C>
   <ModuleType>altera_avalon_pio</ModuleType>
   <SOPCModuleParameter>
    <C>305</C>
    <Name>bitClearingEdgeCapReg</Name>
    <Value>false</Value>
   </SOPCModuleParameter>
   <SOPCModuleParameter>
    <C>306</C>
    <Name>bitModifyingOutReg</Name>
    <Value>false</Value>
   </SOPCModuleParameter>
   <SOPCModuleParameter>
    <C>307</C>
    <Name>captureEdge</Name>
    <Value>false</Value>
   </SOPCModuleParameter>
   <SOPCModuleParameter>
    <C>308</C>
    <Name>clockRate</Name>
    <Value>50000000</Value>
   </SOPCModuleParameter>
   <SOPCModuleParameter>
    <C>309</C>
    <Name>direction</Name>
    <Value>Input</Value>
   </SOPCModuleParameter>
   <SOPCModuleParameter>
    <C>310</C>
    <Name>edgeType</Name>
    <Value>RISING</Value>
   </SOPCModuleParameter>
   <SOPCModuleParameter>
    <C>311</C>
    <Name>generateIRQ</Name>
    <Value>false</Value>
   </SOPCModuleParameter>
   <SOPCModuleParameter>
    <C>312</C>
    <Name>irqType</Name>
    <Value>LEVEL</Value>
   </SOPCModuleParameter>
   <SOPCModuleParameter>
    <C>313</C>
    <Name>resetValue</Name>
    <Value>0</Value>
   </SOPCModuleParameter>
   <SOPCModuleParameter>
    <C>314</C>
    <Name>simDoTestBenchWiring</Name>
    <Value>false</Value>
   </SOPCModuleParameter>
   <SOPCModuleParameter>
    <C>315</C>
    <Name>simDrivenValue</Name>
    <Value>0</Value>
   </SOPCModuleParameter>
   <SOPCModuleParameter>
    <C>316</C>
    <Name>width</Name>
    <Value>16</Value>
   </SOPCModuleParameter>
  </SOPCModule>
  <SOPCModule>
   <C>317</C>
   <ModuleType>altera_avalon_pio</ModuleType>
   <SOPCModuleParameter>
    <C>318</C>
    <Name>bitClearingEdgeCapReg</Name>
    <Value>false</Value>
   </SOPCModuleParameter>
   <SOPCModuleParameter>
    <C>319</C>
    <Name>bitModifyingOutReg</Name>
    <Value>false</Value>
   </SOPCModuleParameter>
   <SOPCModuleParameter>
    <C>320</C>
    <Name>captureEdge</Name>
    <Value>false</Value>
   </SOPCModuleParameter>
   <SOPCModuleParameter>
    <C>321</C>
    <Name>clockRate</Name>
    <Value>50000000</Value>
   </SOPCModuleParameter>
   <SOPCModuleParameter>
    <C>322</C>
    <Name>direction</Name>
    <Value>Output</Value>
   </SOPCModuleParameter>
   <SOPCModuleParameter>
    <C>323</C>
    <Name>edgeType</Name>
    <Value>RISING</Value>
   </SOPCModuleParameter>
   <SOPCModuleParameter>
    <C>324</C>
    <Name>generateIRQ</Name>
    <Value>false</Value>
   </SOPCModuleParameter>
   <SOPCModuleParameter>
    <C>325</C>
    <Name>irqType</Name>
    <Value>LEVEL</Value>
   </SOPCModuleParameter>
   <SOPCModuleParameter>
    <C>326</C>
    <Name>resetValue</Name>
    <Value>0</Value>
   </SOPCModuleParameter>
   <SOPCModuleParameter>
    <C>327</C>
    <Name>simDoTestBenchWiring</Name>
    <Value>false</Value>
   </SOPCModuleParameter>
   <SOPCModuleParameter>
    <C>328</C>
    <Name>simDrivenValue</Name>
    <Value>0</Value>
   </SOPCModuleParameter>
   <SOPCModuleParameter>
    <C>329</C>
    <Name>width</Name>
    <Value>4</Value>
   </SOPCModuleParameter>
  </SOPCModule>
  <SOPCModule>
   <C>330</C>
   <ModuleType>altera_avalon_pio</ModuleType>
   <SOPCModuleParameter>
    <C>331</C>
    <Name>bitClearingEdgeCapReg</Name>
    <Value>false</Value>
   </SOPCModuleParameter>
   <SOPCModuleParameter>
    <C>332</C>
    <Name>bitModifyingOutReg</Name>
    <Value>false</Value>
   </SOPCModuleParameter>
   <SOPCModuleParameter>
    <C>333</C>
    <Name>captureEdge</Name>
    <Value>false</Value>
   </SOPCModuleParameter>
   <SOPCModuleParameter>
    <C>334</C>
    <Name>clockRate</Name>
    <Value>50000000</Value>
   </SOPCModuleParameter>
   <SOPCModuleParameter>
    <C>335</C>
    <Name>direction</Name>
    <Value>Output</Value>
   </SOPCModuleParameter>
   <SOPCModuleParameter>
    <C>336</C>
    <Name>edgeType</Name>
    <Value>RISING</Value>
   </SOPCModuleParameter>
   <SOPCModuleParameter>
    <C>337</C>
    <Name>generateIRQ</Name>
    <Value>false</Value>
   </SOPCModuleParameter>
   <SOPCModuleParameter>
    <C>338</C>
    <Name>irqType</Name>
    <Value>LEVEL</Value>
   </SOPCModuleParameter>
   <SOPCModuleParameter>
    <C>339</C>
    <Name>resetValue</Name>
    <Value>0</Value>
   </SOPCModuleParameter>
   <SOPCModuleParameter>
    <C>340</C>
    <Name>simDoTestBenchWiring</Name>
    <Value>false</Value>
   </SOPCModuleParameter>
   <SOPCModuleParameter>
    <C>341</C>
    <Name>simDrivenValue</Name>
    <Value>0</Value>
   </SOPCModuleParameter>
   <SOPCModuleParameter>
    <C>342</C>
    <Name>width</Name>
    <Value>4</Value>
   </SOPCModuleParameter>
  </SOPCModule>
  <SOPCModule>
   <C>343</C>
   <ModuleType>altera_avalon_pio</ModuleType>
   <SOPCModuleParameter>
    <C>344</C>
    <Name>bitClearingEdgeCapReg</Name>
    <Value>false</Value>
   </SOPCModuleParameter>
   <SOPCModuleParameter>
    <C>345</C>
    <Name>bitModifyingOutReg</Name>
    <Value>false</Value>
   </SOPCModuleParameter>
   <SOPCModuleParameter>
    <C>346</C>
    <Name>captureEdge</Name>
    <Value>false</Value>
   </SOPCModuleParameter>
   <SOPCModuleParameter>
    <C>347</C>
    <Name>clockRate</Name>
    <Value>50000000</Value>
   </SOPCModuleParameter>
   <SOPCModuleParameter>
    <C>348</C>
    <Name>direction</Name>
    <Value>Output</Value>
   </SOPCModuleParameter>
   <SOPCModuleParameter>
    <C>349</C>
    <Name>edgeType</Name>
    <Value>RISING</Value>
   </SOPCModuleParameter>
   <SOPCModuleParameter>
    <C>350</C>
    <Name>generateIRQ</Name>
    <Value>false</Value>
   </SOPCModuleParameter>
   <SOPCModuleParameter>
    <C>351</C>
    <Name>irqType</Name>
    <Value>LEVEL</Value>
   </SOPCModuleParameter>
   <SOPCModuleParameter>
    <C>352</C>
    <Name>resetValue</Name>
    <Value>0</Value>
   </SOPCModuleParameter>
   <SOPCModuleParameter>
    <C>353</C>
    <Name>simDoTestBenchWiring</Name>
    <Value>false</Value>
   </SOPCModuleParameter>
   <SOPCModuleParameter>
    <C>354</C>
    <Name>simDrivenValue</Name>
    <Value>0</Value>
   </SOPCModuleParameter>
   <SOPCModuleParameter>
    <C>355</C>
    <Name>width</Name>
    <Value>1</Value>
   </SOPCModuleParameter>
  </SOPCModule>
  <SOPCModule>
   <C>356</C>
   <ModuleType>altera_avalon_pio</ModuleType>
   <SOPCModuleParameter>
    <C>357</C>
    <Name>bitClearingEdgeCapReg</Name>
    <Value>false</Value>
   </SOPCModuleParameter>
   <SOPCModuleParameter>
    <C>358</C>
    <Name>bitModifyingOutReg</Name>
    <Value>false</Value>
   </SOPCModuleParameter>
   <SOPCModuleParameter>
    <C>359</C>
    <Name>captureEdge</Name>
    <Value>false</Value>
   </SOPCModuleParameter>
   <SOPCModuleParameter>
    <C>360</C>
    <Name>clockRate</Name>
    <Value>50000000</Value>
   </SOPCModuleParameter>
   <SOPCModuleParameter>
    <C>361</C>
    <Name>direction</Name>
    <Value>Output</Value>
   </SOPCModuleParameter>
   <SOPCModuleParameter>
    <C>362</C>
    <Name>edgeType</Name>
    <Value>RISING</Value>
   </SOPCModuleParameter>
   <SOPCModuleParameter>
    <C>363</C>
    <Name>generateIRQ</Name>
    <Value>false</Value>
   </SOPCModuleParameter>
   <SOPCModuleParameter>
    <C>364</C>
    <Name>irqType</Name>
    <Value>LEVEL</Value>
   </SOPCModuleParameter>
   <SOPCModuleParameter>
    <C>365</C>
    <Name>resetValue</Name>
    <Value>0</Value>
   </SOPCModuleParameter>
   <SOPCModuleParameter>
    <C>366</C>
    <Name>simDoTestBenchWiring</Name>
    <Value>false</Value>
   </SOPCModuleParameter>
   <SOPCModuleParameter>
    <C>367</C>
    <Name>simDrivenValue</Name>
    <Value>0</Value>
   </SOPCModuleParameter>
   <SOPCModuleParameter>
    <C>368</C>
    <Name>width</Name>
    <Value>1</Value>
   </SOPCModuleParameter>
  </SOPCModule>
  <SOPCModule>
   <C>369</C>
   <ModuleType>altera_avalon_pio</ModuleType>
   <SOPCModuleParameter>
    <C>370</C>
    <Name>bitClearingEdgeCapReg</Name>
    <Value>false</Value>
   </SOPCModuleParameter>
   <SOPCModuleParameter>
    <C>371</C>
    <Name>bitModifyingOutReg</Name>
    <Value>false</Value>
   </SOPCModuleParameter>
   <SOPCModuleParameter>
    <C>372</C>
    <Name>captureEdge</Name>
    <Value>false</Value>
   </SOPCModuleParameter>
   <SOPCModuleParameter>
    <C>373</C>
    <Name>clockRate</Name>
    <Value>50000000</Value>
   </SOPCModuleParameter>
   <SOPCModuleParameter>
    <C>374</C>
    <Name>direction</Name>
    <Value>Output</Value>
   </SOPCModuleParameter>
   <SOPCModuleParameter>
    <C>375</C>
    <Name>edgeType</Name>
    <Value>RISING</Value>
   </SOPCModuleParameter>
   <SOPCModuleParameter>
    <C>376</C>
    <Name>generateIRQ</Name>
    <Value>false</Value>
   </SOPCModuleParameter>
   <SOPCModuleParameter>
    <C>377</C>
    <Name>irqType</Name>
    <Value>LEVEL</Value>
   </SOPCModuleParameter>
   <SOPCModuleParameter>
    <C>378</C>
    <Name>resetValue</Name>
    <Value>0</Value>
   </SOPCModuleParameter>
   <SOPCModuleParameter>
    <C>379</C>
    <Name>simDoTestBenchWiring</Name>
    <Value>false</Value>
   </SOPCModuleParameter>
   <SOPCModuleParameter>
    <C>380</C>
    <Name>simDrivenValue</Name>
    <Value>0</Value>
   </SOPCModuleParameter>
   <SOPCModuleParameter>
    <C>381</C>
    <Name>width</Name>
    <Value>1</Value>
   </SOPCModuleParameter>
  </SOPCModule>
  <SystemID>928144590</SystemID>
 </SOPCSystem>
 <SchemaVersion>schema_2010-09-15</SchemaVersion>
</ProgramExecution>
